RF	TD	H
10	0	5
10	2	5
10	0	5
10	2	4
10	0	4
10	0	5
10	2	6
10	2	4
10	0	5
10	0	4
10	0	6
10	0	6
10	0	4
10	0	4
10	0	4
10	0	5
10	0	4
10	0	4
10	0	3
10	0	6
10	0	4
10	0	5
10	0	6
10	0	5
10	0	4
10	0	4
10	0	5
10	0	4
10	0	5
10	0	4
10	0	4
10	0	3
10	0	5
10	0	3
10	2	4
10	0	4
10	0	6
10	0	6
10	0	4
10	0	5
10	0	6
10	0	3
10	0	5
10	4	4
10	0	5
10	0	6
10	0	4
10	0	4
10	0	5
10	0	6
10	0	5
10	0	5
10	0	3
10	0	4
10	0	4
10	0	6
10	6	5
10	2	5
10	0	5
10	0	6
10	0	4
10	0	4
10	0	4
10	0	4
10	0	5
10	6	4
10	0	5
10	0	4
10	0	4
10	0	4
10	0	5
10	0	7
10	0	5
10	0	4
10	0	4
10	0	5
10	0	4
10	0	4
10	0	6
10	0	4
10	0	4
10	0	5
10	0	5
10	0	5
10	0	4
10	0	5
10	0	5
10	12	5
10	2	3
10	0	4
10	0	4
10	0	5
10	0	4
10	0	6
10	0	6
10	0	5
10	0	4
10	0	4
10	0	4
10	0	3
12	0	6
12	4	5
12	0	3
12	0	5
12	0	6
12	2	7
12	4	5
12	0	4
12	0	4
12	0	5
12	0	5
12	0	4
12	0	5
12	4	3
12	0	6
12	0	6
12	0	6
12	0	4
12	0	5
12	12	6
12	0	4
12	0	5
12	0	4
12	0	4
12	0	5
12	0	4
12	0	5
12	0	4
12	0	4
12	0	5
12	4	6
12	0	7
12	0	7
12	0	6
12	0	4
12	12	6
12	0	7
12	0	5
12	10	7
12	2	6
12	0	4
12	0	4
12	4	7
12	0	7
12	0	5
12	0	5
12	0	5
12	0	4
12	0	4
12	0	5
12	0	3
12	24	8
12	0	5
12	0	3
12	0	5
12	0	5
12	0	4
12	0	4
12	2	6
12	0	7
12	0	5
12	0	6
12	2	5
12	2	6
12	0	5
12	0	4
12	2	7
12	0	4
12	0	4
12	0	5
12	0	5
12	0	4
12	0	5
12	0	6
12	0	4
12	0	5
12	0	7
12	2	5
12	0	8
12	0	7
12	4	4
12	0	4
12	0	6
12	2	5
12	0	5
12	12	7
12	0	7
12	0	5
12	0	5
12	0	8
12	12	6
12	0	5
12	0	4
12	2	5
12	0	5
12	12	4
12	0	4
12	0	4
12	0	6
12	0	5
14	0	5
14	0	5
14	0	7
14	0	4
14	0	6
14	0	5
14	4	6
14	0	6
14	2	6
14	0	7
14	0	6
14	0	6
14	0	5
14	0	5
14	0	5
14	0	7
14	0	4
14	0	4
14	4	6
14	8	6
14	0	5
14	0	6
14	2	4
14	0	5
14	0	5
14	0	5
14	0	7
14	0	6
14	0	8
14	0	7
14	2	7
14	10	5
14	6	5
14	0	6
14	0	6
14	0	5
14	0	7
14	0	7
14	0	7
14	0	6
14	2	6
14	0	6
14	0	5
14	2	5
14	0	5
14	0	5
14	0	5
14	8	5
14	0	7
14	0	5
14	4	4
14	0	6
14	0	4
14	2	5
14	0	6
14	0	5
14	0	6
14	0	5
14	2	7
14	0	5
14	0	5
14	0	6
14	4	5
14	12	6
14	0	5
14	0	5
14	0	4
14	0	7
14	4	6
14	0	5
14	0	6
14	0	7
14	0	8
14	0	7
14	0	6
14	0	5
14	0	7
14	0	5
14	2	6
14	32	6
14	0	6
14	0	7
14	0	6
14	0	7
14	0	5
14	2	7
14	0	6
14	2	6
14	0	6
14	0	7
14	2	7
14	2	5
14	0	7
14	0	5
14	0	6
14	0	5
14	0	6
14	2	5
14	2	6
14	0	6
16	0	7
16	0	6
16	8	6
16	0	5
16	8	7
16	0	9
16	6	5
16	4	8
16	2	6
16	0	5
16	0	7
16	2	7
16	0	7
16	0	5
16	0	7
16	0	5
16	0	6
16	0	7
16	0	6
16	4	6
16	2	8
16	0	7
16	0	6
16	2	4
16	2	6
16	0	7
16	0	7
16	22	7
16	0	7
16	0	6
16	0	9
16	0	6
16	0	8
16	0	5
16	0	8
16	0	6
16	0	5
16	0	6
16	14	7
16	4	7
16	0	8
16	0	6
16	0	6
16	2	6
16	14	8
16	0	6
16	0	8
16	18	6
16	0	7
16	8	6
16	0	7
16	0	6
16	0	7
16	2	7
16	0	7
16	2	8
16	0	5
16	0	6
16	0	8
16	2	7
16	4	7
16	10	7
16	0	8
16	2	6
16	0	5
16	4	7
16	8	8
16	0	6
16	4	7
16	2	9
16	4	5
16	0	9
16	0	6
16	0	6
16	0	4
16	0	6
16	4	6
16	0	5
16	0	5
16	2	7
16	2	6
16	0	7
16	0	7
16	2	7
16	0	5
16	0	5
16	0	5
16	2	6
16	0	5
16	2	7
16	0	7
16	2	6
16	4	7
16	0	7
16	0	5
16	0	5
16	0	6
16	2	6
16	2	6
16	2	5
18	0	6
18	0	5
18	12	8
18	16	8
18	0	6
18	2	6
18	8	7
18	0	7
18	0	8
18	6	6
18	0	7
18	0	7
18	0	6
18	0	7
18	0	6
18	6	7
18	2	7
18	0	7
18	20	7
18	2	6
18	0	6
18	0	7
18	0	7
18	0	6
18	0	6
18	0	7
18	6	7
18	6	7
18	16	6
18	0	6
18	0	6
18	4	6
18	0	6
18	0	6
18	2	8
18	0	6
18	8	7
18	2	6
18	18	9
18	0	6
18	4	8
18	8	6
18	0	7
18	4	8
18	6	7
18	2	5
18	4	7
18	0	7
18	0	6
18	2	7
18	0	7
18	2	7
18	0	7
18	2	9
18	2	6
18	0	7
18	2	8
18	0	7
18	4	8
18	4	9
18	0	5
18	0	7
18	30	5
18	12	7
18	6	6
18	0	6
18	2	7
18	2	8
18	2	8
18	8	6
18	4	9
18	0	8
18	0	8
18	14	8
18	10	7
18	0	9
18	0	6
18	4	7
18	2	7
18	0	8
18	4	8
18	0	7
18	0	6
18	2	7
18	0	5
18	12	6
18	2	7
18	0	5
18	0	7
18	0	7
18	2	8
18	0	7
18	4	7
18	0	7
18	8	7
18	2	8
18	0	8
18	0	6
18	2	7
18	6	9
2	0	1
2	0	1
2	0	2
2	0	1
2	0	1
2	0	1
2	0	3
2	0	1
2	0	2
2	0	1
2	0	1
2	0	1
2	0	1
2	0	1
2	0	1
2	0	3
2	0	1
2	0	1
2	0	1
2	0	1
2	0	1
2	0	1
2	0	1
2	0	3
2	0	1
2	0	2
2	0	1
2	0	1
2	0	1
2	0	1
2	0	1
2	0	1
2	0	1
2	0	1
2	0	1
2	0	1
2	0	1
2	0	1
2	0	1
2	0	1
2	0	1
2	0	1
2	0	1
2	0	1
2	0	1
2	0	1
2	0	1
2	0	1
2	0	1
2	0	1
2	0	1
2	0	1
2	0	1
2	0	1
2	0	1
2	0	1
2	0	1
2	0	1
2	0	1
2	0	1
2	0	1
2	0	1
2	0	1
2	0	1
2	0	1
2	0	1
2	0	1
2	0	1
2	0	1
2	0	1
2	0	1
2	0	1
2	0	1
2	0	1
2	0	1
2	0	1
2	0	1
2	0	1
2	0	1
2	0	1
2	0	1
2	0	1
2	0	1
2	0	1
2	0	1
2	0	1
2	0	1
2	0	1
2	0	1
2	0	1
2	0	1
2	0	1
2	0	1
2	0	1
2	0	1
2	0	1
2	0	1
2	0	1
2	0	1
2	0	1
20	4	8
20	0	7
20	2	6
20	2	7
20	0	9
20	2	9
20	2	6
20	0	10
20	4	9
20	2	8
20	4	7
20	4	6
20	12	8
20	0	8
20	4	6
20	0	9
20	2	8
20	0	7
20	0	8
20	10	6
20	0	7
20	0	7
20	6	6
20	2	8
20	0	8
20	2	6
20	4	6
20	14	8
20	4	8
20	4	7
20	10	6
20	14	8
20	2	8
20	4	8
20	18	8
20	10	8
20	4	7
20	2	7
20	0	7
20	4	8
20	0	8
20	4	9
20	0	8
20	2	8
20	4	7
20	10	9
20	0	8
20	0	7
20	6	7
20	2	7
20	0	7
20	0	8
20	0	7
20	4	6
20	14	10
20	6	7
20	6	9
20	2	6
20	0	7
20	2	7
20	4	8
20	2	7
20	0	7
20	8	7
20	2	9
20	6	9
20	14	6
20	4	7
20	0	7
20	16	8
20	12	7
20	0	6
20	2	7
20	0	7
20	0	7
20	2	6
20	0	8
20	0	7
20	0	6
20	2	6
20	2	9
20	4	7
20	4	8
20	2	9
20	6	8
20	2	7
20	4	7
20	0	8
20	2	9
20	0	7
20	2	7
20	4	8
20	0	7
20	10	7
20	4	7
20	2	8
20	6	6
20	2	7
20	0	7
20	12	9
22	0	8
22	4	8
22	2	8
22	2	8
22	16	7
22	0	8
22	8	7
22	2	7
22	12	9
22	16	7
22	6	8
22	2	9
22	0	7
22	2	7
22	2	5
22	22	7
22	0	5
22	0	8
22	0	7
22	0	7
22	2	8
22	0	8
22	4	7
22	0	7
22	0	8
22	8	7
22	10	8
22	8	9
22	2	7
22	2	8
22	2	8
22	0	7
22	4	9
22	0	6
22	4	7
22	0	8
22	4	8
22	0	7
22	2	8
22	0	7
22	0	7
22	0	6
22	10	9
22	12	10
22	0	8
22	8	9
22	12	8
22	0	8
22	8	9
22	2	7
22	8	6
22	0	8
22	0	5
22	10	7
22	2	9
22	20	8
22	2	7
22	8	7
22	0	7
22	2	8
22	0	10
22	4	7
22	14	8
22	4	8
22	8	8
22	0	10
22	2	9
22	2	7
22	6	9
22	10	8
22	16	8
22	8	6
22	0	9
22	0	7
22	20	8
22	12	6
22	22	7
22	10	7
22	2	6
22	8	7
22	2	9
22	2	7
22	8	7
22	24	8
22	10	8
22	4	7
22	0	7
22	26	7
22	2	8
22	16	9
22	4	7
22	0	8
22	14	8
22	0	9
22	10	7
22	2	7
22	12	9
22	8	7
22	0	8
22	0	7
24	0	7
24	2	8
24	6	9
24	0	8
24	0	9
24	10	8
24	0	6
24	8	9
24	6	9
24	4	7
24	6	10
24	12	8
24	4	9
24	2	8
24	4	10
24	0	8
24	6	6
24	4	7
24	14	7
24	0	7
24	4	8
24	10	9
24	8	10
24	8	10
24	2	9
24	2	9
24	2	7
24	6	8
24	4	8
24	2	9
24	4	11
24	0	8
24	2	10
24	4	9
24	0	9
24	6	7
24	14	10
24	2	9
24	2	8
24	0	9
24	2	8
24	0	10
24	6	8
24	0	8
24	0	9
24	6	11
24	8	9
24	0	7
24	2	9
24	4	8
24	6	9
24	4	8
24	2	9
24	4	7
24	4	5
24	10	10
24	6	9
24	2	7
24	6	8
24	0	9
24	8	9
24	4	8
24	18	9
24	10	8
24	14	7
24	0	7
24	4	8
24	10	9
24	0	6
24	2	8
24	6	9
24	10	9
24	2	7
24	2	9
24	2	9
24	16	10
24	2	8
24	8	9
24	12	7
24	6	8
24	18	7
24	0	7
24	10	8
24	2	9
24	6	9
24	12	8
24	4	7
24	2	7
24	4	8
24	2	7
24	0	10
24	12	9
24	2	9
24	6	11
24	20	7
24	2	7
24	2	8
24	12	9
24	2	7
24	2	9
26	16	10
26	4	9
26	4	8
26	4	8
26	14	6
26	8	8
26	8	7
26	10	8
26	10	10
26	6	8
26	4	8
26	2	9
26	2	7
26	4	8
26	8	8
26	12	9
26	14	9
26	14	9
26	18	9
26	12	9
26	2	9
26	14	8
26	20	8
26	2	10
26	8	9
26	10	9
26	6	9
26	0	8
26	12	10
26	16	8
26	2	9
26	2	7
26	8	6
26	8	8
26	14	9
26	10	8
26	16	9
26	14	9
26	8	9
26	2	8
26	16	9
26	10	9
26	0	8
26	16	8
26	6	10
26	0	8
26	6	10
26	4	8
26	22	9
26	12	9
26	4	9
26	10	10
26	2	8
26	2	8
26	4	10
26	14	9
26	8	11
26	0	8
26	10	8
26	2	8
26	6	7
26	2	9
26	4	12
26	24	10
26	8	9
26	12	13
26	6	9
26	2	9
26	4	7
26	2	8
26	4	9
26	8	9
26	4	7
26	28	10
26	32	10
26	2	8
26	22	8
26	14	7
26	2	9
26	18	8
26	10	10
26	12	9
26	6	9
26	0	8
26	18	10
26	0	7
26	24	9
26	8	9
26	6	10
26	30	9
26	4	7
26	8	9
26	4	12
26	8	10
26	10	8
26	0	9
26	6	7
26	4	9
26	2	9
26	8	8
28	16	8
28	26	9
28	12	8
28	4	9
28	0	7
28	14	10
28	4	10
28	2	11
28	0	7
28	10	9
28	4	9
28	4	9
28	4	9
28	8	9
28	22	11
28	4	9
28	16	11
28	20	11
28	6	8
28	16	9
28	4	10
28	10	9
28	2	9
28	10	9
28	6	8
28	0	10
28	2	8
28	4	9
28	4	10
28	6	8
28	2	8
28	10	9
28	10	9
28	18	10
28	6	8
28	14	9
28	14	8
28	8	8
28	6	8
28	18	8
28	6	9
28	4	9
28	12	10
28	6	10
28	8	8
28	22	10
28	12	9
28	6	8
28	4	9
28	10	10
28	8	9
28	8	9
28	8	9
28	4	8
28	6	8
28	4	8
28	16	9
28	0	9
28	36	11
28	10	8
28	12	7
28	22	10
28	0	8
28	8	9
28	12	9
28	2	9
28	22	13
28	26	11
28	4	11
28	2	8
28	14	7
28	24	9
28	2	9
28	40	11
28	12	10
28	6	9
28	6	10
28	12	9
28	12	9
28	6	9
28	28	9
28	6	9
28	20	9
28	10	11
28	18	10
28	40	10
28	2	9
28	18	11
28	6	8
28	36	9
28	32	11
28	2	9
28	6	9
28	8	10
28	6	9
28	8	9
28	18	10
28	12	9
28	10	11
28	14	8
30	2	9
30	16	8
30	20	10
30	20	9
30	18	9
30	26	10
30	10	11
30	0	9
30	2	9
30	8	11
30	16	10
30	2	9
30	8	9
30	22	10
30	12	10
30	26	10
30	24	11
30	10	9
30	4	9
30	18	10
30	8	11
30	4	10
30	20	11
30	16	9
30	6	10
30	6	10
30	6	8
30	24	9
30	8	10
30	8	10
30	12	9
30	10	9
30	8	9
30	8	9
30	4	8
30	0	11
30	2	9
30	8	9
30	10	10
30	0	9
30	8	9
30	18	9
30	4	9
30	0	9
30	12	8
30	6	8
30	14	10
30	16	9
30	10	7
30	0	8
30	4	8
30	20	10
30	8	11
30	0	11
30	2	7
30	4	10
30	4	11
30	16	9
30	16	10
30	2	10
30	10	10
30	16	9
30	8	9
30	2	9
30	20	9
30	32	10
30	6	10
30	18	10
30	2	7
30	18	10
30	8	12
30	8	9
30	4	10
30	26	9
30	18	10
30	4	8
30	14	11
30	4	10
30	8	9
30	16	10
30	10	10
30	12	10
30	12	9
30	6	9
30	6	11
30	14	9
30	12	9
30	4	13
30	30	11
30	14	12
30	12	10
30	32	9
30	20	9
30	14	10
30	14	9
30	4	10
30	20	12
30	14	11
30	6	10
30	10	11
32	4	9
32	22	13
32	12	9
32	36	12
32	6	10
32	12	11
32	6	11
32	20	11
32	12	10
32	8	10
32	14	10
32	14	9
32	10	11
32	20	11
32	20	10
32	26	10
32	12	11
32	12	10
32	14	12
32	18	9
32	18	10
32	14	11
32	2	9
32	2	9
32	46	12
32	36	11
32	12	9
32	10	10
32	12	9
32	6	10
32	8	10
32	8	11
32	2	11
32	22	12
32	26	10
32	10	9
32	10	11
32	22	10
32	20	8
32	2	11
32	14	9
32	4	11
32	26	10
32	14	10
32	8	10
32	18	11
32	6	9
32	28	13
32	8	10
32	22	11
32	6	11
32	12	12
32	16	10
32	6	10
32	16	11
32	18	11
32	16	11
32	6	9
32	24	10
32	12	11
32	12	11
32	18	9
32	8	10
32	34	11
32	14	11
32	14	9
32	16	11
32	2	10
32	26	11
32	2	8
32	14	9
32	18	9
32	12	9
32	24	10
32	28	10
32	20	9
32	16	11
32	22	11
32	18	10
32	14	9
32	20	10
32	6	11
32	26	10
32	16	12
32	4	10
32	22	11
32	32	10
32	8	11
32	12	10
32	18	11
32	14	10
32	22	10
32	14	9
32	28	11
32	20	10
32	4	10
32	16	10
32	20	11
32	12	12
32	24	10
34	10	10
34	12	10
34	22	12
34	14	10
34	30	12
34	24	10
34	12	9
34	30	12
34	34	13
34	28	11
34	26	12
34	28	11
34	16	11
34	16	12
34	26	11
34	14	10
34	8	12
34	24	10
34	20	12
34	14	10
34	28	12
34	16	10
34	18	11
34	16	11
34	36	11
34	16	9
34	20	10
34	28	12
34	14	12
34	36	12
34	4	9
34	28	11
34	26	10
34	30	11
34	38	11
34	4	10
34	24	10
34	2	10
34	2	12
34	14	10
34	14	9
34	4	10
34	32	10
34	26	11
34	8	11
34	8	8
34	10	11
34	26	10
34	2	11
34	12	11
34	30	11
34	32	9
34	8	11
34	6	9
34	8	10
34	18	10
34	10	9
34	10	11
34	14	9
34	4	11
34	20	11
34	10	11
34	24	11
34	6	9
34	14	10
34	14	9
34	14	10
34	12	10
34	16	11
34	6	10
34	22	11
34	8	10
34	6	12
34	2	10
34	24	11
34	24	10
34	14	10
34	16	10
34	18	11
34	22	11
34	18	9
34	20	10
34	8	11
34	26	9
34	28	10
34	6	11
34	24	10
34	18	12
34	30	12
34	22	11
34	6	9
34	22	13
34	28	10
34	10	10
34	8	10
34	4	12
34	18	11
34	12	12
34	12	11
34	4	10
4	0	2
4	0	1
4	0	2
4	0	4
4	0	2
4	0	2
4	0	2
4	0	2
4	0	3
4	0	2
4	0	3
4	0	2
4	0	1
4	0	2
4	0	2
4	0	2
4	0	2
4	0	1
4	0	2
4	0	2
4	0	3
4	0	2
4	0	2
4	0	3
4	0	2
4	0	4
4	0	3
4	0	2
4	0	2
4	0	2
4	0	3
4	0	2
4	0	3
4	0	2
4	0	4
4	0	4
4	0	2
4	0	5
4	0	2
4	0	3
4	0	3
4	0	3
4	0	3
4	0	2
4	0	2
4	0	1
4	0	2
4	0	2
4	0	2
4	0	2
4	0	2
4	0	2
4	0	2
4	0	2
4	0	2
4	0	1
4	0	1
4	0	2
4	0	1
4	0	2
4	0	2
4	0	2
4	0	2
4	0	2
4	0	2
4	0	2
4	0	2
4	0	2
4	0	2
4	0	2
4	0	2
4	0	2
4	0	2
4	0	2
4	0	2
4	0	2
4	0	2
4	0	2
4	0	1
4	0	1
4	0	1
4	0	2
4	0	1
4	0	2
4	0	1
4	0	2
4	0	2
4	0	2
4	0	2
4	0	2
4	0	2
4	0	1
4	0	2
4	0	2
4	0	2
4	0	2
4	0	2
4	0	2
4	0	2
4	0	2
6	0	3
6	0	3
6	0	3
6	0	2
6	0	3
6	0	3
6	0	3
6	0	3
6	0	3
6	0	2
6	0	4
6	0	3
6	0	2
6	0	2
6	0	4
6	0	6
6	0	2
6	0	2
6	0	3
6	0	3
6	0	3
6	0	3
6	0	3
6	0	3
6	0	4
6	0	5
6	0	3
6	0	2
6	0	3
6	0	5
6	0	2
6	0	4
6	0	3
6	0	3
6	0	2
6	0	3
6	0	3
6	0	3
6	0	3
6	0	2
6	0	3
6	0	4
6	0	2
6	0	3
6	0	5
6	0	4
6	0	4
6	0	3
6	0	2
6	0	4
6	0	4
6	0	3
6	0	2
6	0	3
6	0	2
6	0	3
6	0	2
6	0	3
6	0	3
6	0	3
6	0	3
6	0	3
6	0	3
6	0	3
6	0	2
6	0	3
6	0	3
6	0	3
6	0	3
6	0	3
6	0	3
6	0	3
6	0	3
6	0	2
6	0	3
6	0	2
6	0	3
6	0	3
6	0	3
6	0	3
6	0	3
6	0	2
6	0	2
6	0	3
6	0	3
6	0	3
6	0	2
6	0	2
6	0	3
6	0	3
6	0	3
6	0	2
6	0	3
6	0	3
6	0	2
6	0	2
6	0	3
6	0	3
6	0	2
6	0	3
8	0	4
8	0	3
8	0	4
8	0	3
8	0	3
8	0	3
8	0	6
8	0	4
8	0	4
8	0	3
8	0	3
8	6	3
8	0	3
8	2	4
8	0	4
8	0	3
8	0	3
8	0	4
8	0	4
8	0	4
8	0	3
8	0	3
8	6	3
8	2	5
8	0	3
8	0	6
8	0	5
8	16	4
8	0	4
8	2	5
8	0	3
8	0	4
8	0	3
8	0	4
8	0	4
8	0	5
8	4	4
8	0	5
8	0	4
8	0	3
8	0	5
8	0	3
8	0	3
8	0	6
8	2	4
8	0	3
8	0	3
8	0	3
8	0	4
8	0	4
8	0	4
8	4	4
8	0	6
8	4	4
8	0	3
8	0	4
8	0	4
8	0	4
8	0	3
8	0	4
8	0	4
8	0	4
8	0	4
8	0	4
8	0	4
8	0	5
8	2	4
8	0	5
8	0	4
8	4	3
8	0	7
8	0	4
8	0	3
8	0	2
8	0	4
8	0	4
8	2	4
8	0	3
8	0	5
8	0	4
8	0	5
8	0	3
8	0	4
8	0	3
8	0	3
8	0	4
8	0	4
8	0	4
8	0	3
8	0	3
8	0	4
8	0	3
8	0	3
8	0	3
8	0	4
8	0	3
8	0	3
8	0	4
8	0	4
8	0	3
